OBJECT_NAME,OBJECT_ID,EPOCH,MEAN_MOTION,ECCENTRICITY,INCLINATION,RA_OF_ASC_NODE,ARG_OF_PERICENTER,MEAN_ANOMALY,EPHEMERIS_TYPE,CLASSIFICATION_TYPE,NORAD_CAT_ID,ELEMENT_SET_NO,REV_AT_EPOCH,BSTAR,MEAN_MOTION_DOT,MEAN_MOTION_DDOT,RMS,DATA_SOURCE
KUIPER-00008,2025-088A,2025-11-17T21:10:13.999958,15.00083167,.0011427,51.8903,236.6723,90.0735,51.0450,0,C,63724,321,1,-.33227E-3,-.42013E-4,0,0.262,Kuiper-E
KUIPER-00009,2025-088B,2025-11-17T21:21:36.999994,14.80380644,.0013395,51.9011,240.9279,88.1665,325.7383,0,C,63725,321,1,-.55818E-3,-.43162E-4,0,0.241,Kuiper-E
KUIPER-00010,2025-088C,2025-11-18T00:02:05.999971,14.80254641,.0012469,51.9003,216.9405,130.4287,180.0438,0,C,63726,322,1,.87786E-4,.67671E-5,0,0.230,Kuiper-E
KUIPER-00011,2025-088D,2025-11-18T00:38:01.999997,14.79914306,.0014708,51.8990,224.4332,103.3612,190.6632,0,C,63727,322,1,.18403E-3,.1408E-4,0,0.229,Kuiper-E
KUIPER-00012,2025-088E,2025-11-17T23:55:10.000042,14.89876378,.0009606,51.8942,207.9220,113.8334,195.2958,0,C,63728,321,1,.35273E-3,.34361E-4,0,0.233,Kuiper-E
KUIPER-00013,2025-088F,2025-11-18T00:19:34.999997,14.79956180,.0008359,51.9009,241.9136,23.2806,302.5658,0,C,63729,322,1,-.16575E-3,-.12676E-4,0,0.228,Kuiper-E
KUIPER-00014,2025-088G,2025-11-18T00:14:32.000035,14.79918389,.0009679,51.9017,242.8984,82.0355,234.1912,0,C,63730,322,1,-.24878E-3,-.19013E-4,0,0.228,Kuiper-E
KUIPER-00015,2025-088H,2025-11-17T23:10:38.000035,14.81756193,.0011044,51.8988,254.4226,69.6174,343.0378,0,C,63731,321,1,-.31151E-3,-.24883E-4,0,0.242,Kuiper-E
KUIPER-00016,2025-088J,2025-11-18T00:16:38.000006,14.79959093,.0013457,51.8999,245.4354,58.2938,279.8704,0,C,63732,322,1,-.29329E-3,-.22454E-4,0,0.231,Kuiper-E
KUIPER-00018,2025-088K,2025-11-17T21:09:04.999968,14.79958405,.0013641,51.9012,234.9627,78.5135,218.5198,0,C,63733,321,1,-.35857E-3,-.27451E-4,0,0.246,Kuiper-E
KUIPER-00019,2025-088L,2025-11-17T22:24:36.000000,14.79916478,.0009906,51.8990,233.2829,90.5295,120.8044,0,C,63734,321,1,.27267E-2,.20851E-3,0,0.562,Kuiper-E
KUIPER-00020,2025-088M,2025-11-17T20:18:09.999994,14.79950459,.000869,51.9002,237.6335,69.7065,61.8600,0,C,63735,321,1,-.27011E-3,-.20656E-4,0,0.244,Kuiper-E
KUIPER-00021,2025-088N,2025-11-17T20:35:05.999971,14.79957958,.0007643,51.9001,238.5983,71.2088,123.5017,0,C,63736,321,1,-.35214E-3,-.26929E-4,0,0.246,Kuiper-E
KUIPER-00023,2025-088P,2025-11-17T20:21:06.999984,14.79975311,.0012033,51.8998,240.1080,88.8949,60.0855,0,C,63737,321,1,-.30992E-2,-.23716E-3,0,0.227,Kuiper-E
KUIPER-00024,2025-088Q,2025-11-18T01:08:08.000016,14.79603300,.0005242,51.9023,226.6710,85.5029,22.9152,0,C,63738,322,1,.22977E-3,.17421E-4,0,0.237,Kuiper-E
KUIPER-00025,2025-088R,2025-11-17T22:43:04.999987,14.80473388,.0009863,51.8998,235.6647,67.3218,260.7562,0,C,63739,321,1,-.2112E-3,-.16357E-4,0,0.238,Kuiper-E
KUIPER-00027,2025-088S,2025-11-17T20:37:37.000042,14.79774094,.0005228,51.9008,229.9972,141.6499,56.5813,0,C,63740,321,1,-.40775E-3,-.31037E-4,0,0.243,Kuiper-E
KUIPER-00028,2025-088T,2025-11-18T00:47:10.000032,14.79532604,.0004421,51.8996,227.2190,160.6686,144.7675,0,C,63741,322,1,.13177E-3,.99732E-5,0,0.229,Kuiper-E
KUIPER-00029,2025-088U,2025-11-17T21:13:40.000022,14.80137008,.001012,51.9019,225.7334,110.9072,299.5710,0,C,63742,321,1,-.33807E-3,-.25974E-4,0,0.243,Kuiper-E
KUIPER-00030,2025-088V,2025-11-18T00:17:36.999974,14.79943156,.0015496,51.9000,244.3751,61.0850,272.1888,0,C,63743,322,1,-.28228E-3,-.21613E-4,0,0.230,Kuiper-E
KUIPER-00031,2025-088W,2025-11-17T22:31:52.999968,14.79830091,.000522,51.8997,230.7722,98.5940,125.4946,0,C,63744,321,1,.25105E-2,.19145E-3,0,0.409,Kuiper-E
KUIPER-00032,2025-088X,2025-11-17T23:43:39.999965,15.32691208,.0005776,51.8718,202.2635,97.2715,215.6838,0,C,63745,321,1,.38028E-3,.12222E-3,0,0.248,Kuiper-E
KUIPER-00033,2025-088Y,2025-11-17T22:33:07.000013,14.79907606,.0004117,51.8999,260.7526,152.1103,249.0528,0,C,63746,321,1,-.59586E-3,-.45494E-4,0,0.240,Kuiper-E
KUIPER-00034,2025-088Z,2025-11-17T21:24:35.999971,14.76929619,.0003056,51.9004,223.2540,93.5664,313.7646,0,C,63747,321,1,-.1512E-1,-.10732E-2,0,1.735,Kuiper-E
KUIPER-00035,2025-088AA,2025-11-17T22:58:38.999971,14.79910388,.0006661,51.9003,248.1904,56.6044,7.7286,0,C,63748,321,1,-.4029E-3,-.30772E-4,0,0.239,Kuiper-E
KUIPER-00037,2025-088AB,2025-11-17T21:39:36.000000,14.80144719,.0008452,51.8994,247.3680,15.9305,114.5553,0,C,63749,321,1,-.45842E-3,-.35216E-4,0,0.238,Kuiper-E
KUIPER-00038,2025-088AC,2025-11-18T00:31:10.000042,14.79924316,.0007924,51.9008,231.8715,65.1360,246.1996,0,C,63750,322,1,-.29964E-2,-.22886E-3,0,0.250,Kuiper-E
KUIPER-00039,2025-134A,2025-11-18T00:58:08.999962,14.80096168,.0011349,51.9019,6.7842,284.1473,277.2338,0,C,64500,322,1,.29164E-3,.22393E-4,0,0.257,Kuiper-E
KUIPER-00040,2025-134B,2025-11-17T21:48:05.000026,14.79910166,.0016577,51.9013,18.5361,258.3121,21.5100,0,C,64501,321,1,-.14412E-3,-.1103E-4,0,0.254,Kuiper-E
KUIPER-00041,2025-134C,2025-11-18T00:47:37.000032,14.79951936,.0013483,51.9008,19.3401,255.3426,334.9816,0,C,64502,322,1,-.61505E-2,-.47028E-3,0,0.460,Kuiper-E
KUIPER-00042,2025-134D,2025-11-18T00:58:45.999984,14.80087381,.0011973,51.9009,15.3006,264.9073,350.2407,0,C,64503,322,1,.27615E-3,.21201E-4,0,0.263,Kuiper-E
KUIPER-00043,2025-134E,2025-11-18T01:07:34.999968,14.79962015,.0003258,51.9027,7.7218,263.5299,337.4915,0,C,64504,322,1,.33314E-3,.25471E-4,0,0.258,Kuiper-E
KUIPER-00044,2025-134F,2025-11-17T23:04:26.999990,14.80067974,.001142,51.9012,20.6505,263.9331,315.5675,0,C,64505,321,1,-.22459E-4,-.17232E-5,0,0.254,Kuiper-E
KUIPER-00046,2025-134G,2025-11-18T00:50:38.999990,14.80204738,.0011897,51.9002,16.7886,273.2180,319.6884,0,C,64506,322,1,.21376E-3,.16457E-4,0,0.261,Kuiper-E
KUIPER-00047,2025-134H,2025-11-17T23:49:39.999994,14.82717949,.0007776,51.8990,349.0818,284.2412,315.2773,0,C,64507,321,1,.35351E-3,.28887E-4,0,0.259,Kuiper-E
KUIPER-00048,2025-134J,2025-11-18T00:54:00.000000,14.77548619,.0001586,51.8999,349.2951,61.2880,28.1462,0,C,64508,322,1,.12091E+0,.89148E-2,0,2.340,Kuiper-E
KUIPER-00049,2025-134K,2025-11-17T21:53:08.999981,14.80091578,.0002601,51.9013,3.3262,273.6652,302.9173,0,C,64509,321,1,-.25469E-4,-.19531E-5,0,0.253,Kuiper-E
KUIPER-00050,2025-134L,2025-11-18T00:54:34.000042,14.96252827,.0004684,51.8917,359.1319,312.6888,247.0123,0,C,64510,322,1,.14367E-3,.16432E-4,0,0.260,Kuiper-E
KUIPER-00051,2025-134M,2025-11-17T23:39:39.000038,14.79950850,.0001755,51.9032,0.5712,285.7244,306.8062,0,C,64511,321,1,.17508E-3,.13382E-4,0,0.260,Kuiper-E
KUIPER-00052,2025-134N,2025-11-17T22:38:00.000038,15.66855571,.0005987,51.8664,320.5561,354.8858,90.5108,0,C,64512,321,1,.46737E-3,.50703E-3,0,0.281,Kuiper-E
KUIPER-00053,2025-134P,2025-11-17T23:12:35.999971,14.79869832,.0002396,51.9024,356.8785,319.4639,274.7749,0,C,64513,321,1,.15556E-3,.11867E-4,0,0.258,Kuiper-E
KUIPER-00054,2025-134Q,2025-11-18T00:54:37.000022,14.79873516,.0004766,51.8990,351.8057,300.2618,158.1965,0,C,64514,322,1,-.42E-2,-.32022E-3,0,0.345,Kuiper-E
KUIPER-00055,2025-134R,2025-11-18T00:26:06.999994,15.16887029,.0002266,51.8926,344.4070,66.3658,188.2680,0,C,64515,322,1,.16711E-3,.33418E-4,0,0.264,Kuiper-E
KUIPER-00056,2025-134S,2025-11-18T00:41:05.000035,14.80019894,.0001543,51.9036,357.8798,295.9137,149.6022,0,C,64516,322,1,-.88305E-2,-.67493E-3,0,0.562,Kuiper-E
KUIPER-00057,2025-134T,2025-11-18T01:13:35.999990,14.79939968,.0009106,51.9012,5.2752,270.8160,338.5933,0,C,64517,322,1,.21586E-3,.16506E-4,0,0.256,Kuiper-E
KUIPER-00058,2025-134U,2025-11-18T00:39:05.000026,14.79987965,.0004672,51.9013,359.2985,307.0265,136.8937,0,C,64518,322,1,-.60221E-2,-.46024E-3,0,0.456,Kuiper-E
KUIPER-00059,2025-134V,2025-11-18T00:46:24.999974,14.79932079,.0004367,51.9003,354.3326,96.0603,346.3824,0,C,64519,322,1,-.59431E-2,-.4536E-3,0,0.449,Kuiper-E
KUIPER-00060,2025-134W,2025-11-17T23:46:08.999962,14.80060954,.0002202,51.9033,355.5471,4.5405,226.0751,0,C,64520,321,1,.34863E-3,.26717E-4,0,0.262,Kuiper-E
KUIPER-00061,2025-134X,2025-11-17T23:38:37.000003,14.80061834,.0004956,51.9023,2.0390,268.9883,325.3837,0,C,64521,321,1,.15632E-3,.11982E-4,0,0.259,Kuiper-E
KUIPER-00062,2025-134Y,2025-11-18T00:42:37.999958,14.84945119,.0006605,51.8983,7.6958,291.0268,309.3502,0,C,64522,322,1,.34916E-3,.30109E-4,0,0.264,Kuiper-E
KUIPER-00063,2025-134Z,2025-11-18T00:55:06.000010,14.80091281,.0003151,51.9029,11.7327,230.1896,19.6642,0,C,64523,322,1,.3519E-3,.26989E-4,0,0.263,Kuiper-E
KUIPER-00064,2025-134AA,2025-11-18T00:48:36.999994,14.76587810,.0006872,51.9038,9.1100,346.5005,254.6837,0,C,64524,322,1,-.90155E-2,-.63569E-3,0,0.883,Kuiper-E
KUIPER-00065,2025-134AB,2025-11-17T21:05:15.999965,14.76863707,.0010491,51.9028,14.7354,271.2843,4.7279,0,C,64525,321,1,-.81014E-4,-.5761E-5,0,0.251,Kuiper-E
KUIPER-00066,2025-134AC,2025-11-18T00:03:39.999974,15.19697453,.0001845,51.8907,351.1631,341.9836,104.9504,0,C,64526,322,1,.2451E-3,.53152E-4,0,0.272,Kuiper-E
KUIPER-00069,2025-151A,2025-11-18T01:14:06.999965,14.79808445,.0006441,51.9022,54.1919,266.9712,303.6508,0,C,64816,322,1,-.255E-4,-.1943E-5,0,0.253,Kuiper-E
KUIPER-00070,2025-151B,2025-11-18T00:46:07.000003,14.79983598,.0010117,51.8993,79.3127,238.3244,151.7923,0,C,64817,322,1,-.44059E-2,-.33702E-3,0,0.214,Kuiper-E
KUIPER-00071,2025-151C,2025-11-17T21:20:41.000006,14.79926755,.000754,51.9002,77.4527,210.8931,124.4908,0,C,64818,321,1,.33639E-3,.25709E-4,0,0.233,Kuiper-E
KUIPER-00072,2025-151D,2025-11-17T23:12:35.999971,14.86392969,.0002136,51.8999,56.7749,218.0139,51.2221,0,C,64819,321,1,.33585E-5,.29991E-6,0,0.251,Kuiper-E
KUIPER-00073,2025-151E,2025-11-18T01:04:38.999971,14.80154779,.0012996,51.8999,76.7441,240.1378,33.3701,0,C,64820,322,1,.76573E-6,.58892E-7,0,0.250,Kuiper-E
KUIPER-00074,2025-151F,2025-11-17T22:04:34.999997,14.79938867,.0012465,51.9017,64.8294,257.5092,348.2965,0,C,64821,321,1,.16855E-3,.12896E-4,0,0.240,Kuiper-E
KUIPER-00075,2025-151G,2025-11-17T23:17:41.000006,15.40046349,.0004235,51.8760,44.3702,228.4238,58.3679,0,C,64822,321,1,.31681E-3,.12902E-3,0,0.274,Kuiper-E
KUIPER-00076,2025-151H,2025-11-18T00:19:26.999962,14.79949104,.0004256,51.9005,66.9115,248.4075,150.8906,0,C,64823,322,1,-.99854E-4,-.76323E-5,0,0.252,Kuiper-E
KUIPER-00077,2025-151J,2025-11-18T01:17:39.999984,14.79944819,.0006383,51.9019,71.7359,202.3351,81.0672,0,C,64824,322,1,-.14459E-3,-.11053E-4,0,0.253,Kuiper-E
KUIPER-00078,2025-151K,2025-11-17T21:04:06.999974,14.79943258,.0007181,51.9003,70.0116,273.8952,316.6753,0,C,64825,321,1,.44965E-3,.34378E-4,0,0.231,Kuiper-E
KUIPER-00079,2025-151L,2025-11-18T00:55:38.999971,14.74870425,.0011468,51.8996,74.1790,228.9896,45.2650,0,C,64826,322,1,-.1455E-2,-.98751E-4,0,0.470,Kuiper-E
KUIPER-00080,2025-151M,2025-11-18T00:56:05.999971,14.79964124,.0004954,51.8996,74.2911,245.7953,152.2570,0,C,64827,322,1,-.65077E-2,-.49704E-3,0,0.538,Kuiper-E
KUIPER-00082,2025-151N,2025-11-17T23:53:09.000038,14.79935260,.0004614,51.9022,61.9956,259.6413,13.1499,0,C,64828,321,1,.23989E-4,.18331E-5,0,0.248,Kuiper-E
KUIPER-00083,2025-151P,2025-11-17T23:39:09.999965,14.79932094,.0010395,51.9006,69.5356,232.9463,31.6053,0,C,64829,321,1,-.8948E-4,-.68419E-5,0,0.248,Kuiper-E
KUIPER-00084,2025-151Q,2025-11-18T01:03:22.000032,14.79992625,.0011443,51.8999,79.2645,200.6091,72.5157,0,C,64830,322,1,.33053E-4,.25316E-5,0,0.248,Kuiper-E
KUIPER-00085,2025-151R,2025-11-18T00:47:07.999958,14.79951759,.0007207,51.9038,61.8414,237.8481,54.7117,0,C,64831,322,1,-.13392E-3,-.1024E-4,0,0.253,Kuiper-E
KUIPER-00086,2025-151S,2025-11-18T00:59:36.000010,14.79923917,.0010853,51.9019,71.7883,226.4725,172.2665,0,C,64832,322,1,-.34846E-2,-.26625E-3,0,0.226,Kuiper-E
KUIPER-00087,2025-151T,2025-11-18T00:59:08.000016,14.80125994,.0000452,51.9000,54.2964,248.1976,45.0574,0,C,64833,322,1,-.22964E-1,-.17551E-2,0,3.077,Kuiper-E
KUIPER-00089,2025-151U,2025-11-17T22:44:06.000029,14.76752464,.0000981,51.9014,59.5576,304.9495,315.2123,0,C,64834,321,1,-.90301E-2,-.63893E-3,0,1.389,Kuiper-E
KUIPER-00090,2025-151V,2025-11-17T22:13:07.000003,14.97351210,.0003953,51.8985,51.9774,323.5421,299.0416,0,C,64835,321,1,-.8523E-1,-.97769E-2,0,0.825,Kuiper-E
KUIPER-00091,2025-151W,2025-11-18T00:55:07.000003,14.79892746,.0007367,51.9010,56.8150,283.8028,9.3677,0,C,64836,322,1,.45644E-2,.34881E-3,0,0.327,Kuiper-E
KUIPER-00092,2025-151X,2025-11-17T22:55:43.999968,14.78025425,.0006278,51.9015,64.6662,223.7331,35.6336,0,C,64837,321,1,.13157E+0,.98353E-2,0,1.710,Kuiper-E
KUIPER-00093,2025-151Y,2025-11-18T00:34:36.000019,14.79922496,.0013538,51.9000,66.8623,237.4755,37.5665,0,C,64838,322,1,-.53712E-4,-.41087E-5,0,0.252,Kuiper-E
KUIPER-00094,2025-151Z,2025-11-17T23:57:09.999965,15.04134137,.0004995,51.8909,56.0143,263.4206,25.9211,0,C,64839,321,1,.10965E-3,.15417E-4,0,0.260,Kuiper-E
KUIPER-00081,2025-171A,2025-11-18T01:32:09.000038,15.26266989,.0003676,51.8796,288.8502,108.6751,304.7035,0,C,65132,322,1,-.46351E-2,-.12167E-2,0,2.312,Kuiper-E
KUIPER-00088,2025-171B,2025-11-18T00:35:34.999987,14.84150351,.0008535,51.8984,299.2514,106.9743,37.8974,0,C,65133,322,1,-.2163E-3,-.18298E-4,0,0.246,Kuiper-E
KUIPER-00095,2025-171C,2025-11-17T21:25:01.999978,15.22940244,.000454,51.8794,290.5308,115.3140,333.4441,0,C,65134,321,1,-.28155E-1,-.65863E-2,0,1.130,Kuiper-E
KUIPER-00096,2025-171D,2025-11-18T00:56:37.000032,14.99911659,.0011468,51.8898,292.8544,128.8414,357.2351,0,C,65135,322,1,-.52999E-1,-.65587E-2,0,2.454,Kuiper-E
KUIPER-00097,2025-171E,2025-11-17T23:09:38.999981,14.93235774,.0010975,51.8958,295.3169,129.2770,248.6528,0,C,65136,321,1,-.16811E-2,-.17813E-3,0,0.394,Kuiper-E
KUIPER-00098,2025-171F,2025-11-18T01:21:38.000016,14.84342294,.0008239,51.8978,296.7552,127.8791,279.1180,0,C,65137,322,1,-.12792E+0,-.10596E-1,0,0.956,Kuiper-E
KUIPER-00099,2025-171G,2025-11-18T00:53:38.999962,15.16258515,.0007244,51.8893,290.6378,125.6187,72.5722,0,C,65138,322,1,-.83252E-2,-.16285E-2,0,1.735,Kuiper-E
KUIPER-00100,2025-171H,2025-11-17T21:14:51.999994,15.22545335,.000356,51.8825,290.5613,100.0091,356.3430,0,C,65139,321,1,-.2425E-1,-.56226E-2,0,1.252,Kuiper-E
KUIPER-00102,2025-171J,2025-11-17T22:05:40.000013,15.16560948,.0009542,51.8865,291.1761,116.3518,103.6661,0,C,65140,321,1,-.16552E-1,-.32523E-2,0,1.414,Kuiper-E
KUIPER-00103,2025-171K,2025-11-18T00:39:14.999962,14.79922435,.0006854,51.8986,304.3521,122.8202,5.3394,0,C,65141,322,1,-.78262E-2,-.59712E-3,0,0.348,Kuiper-E
KUIPER-00104,2025-171L,2025-11-17T21:20:07.999958,15.05388953,.000408,51.8897,293.5972,136.5735,319.9113,0,C,65142,321,1,-.29027E-1,-.41731E-2,0,3.902,Kuiper-E
KUIPER-00105,2025-171M,2025-11-18T00:40:07.999968,14.76550470,.0013479,51.8999,299.3923,97.8072,198.7947,0,C,65143,322,1,.13445E+0,.97147E-2,0,1.832,Kuiper-E
KUIPER-00106,2025-171N,2025-11-18T01:31:35.999990,14.96169769,.000997,51.8933,301.8875,87.4622,211.7914,0,C,65144,322,1,-.13608E-3,-.15542E-4,0,0.250,Kuiper-E
KUIPER-00107,2025-171P,2025-11-17T23:38:36.000010,15.28148811,.0006929,51.8777,289.3755,125.1243,109.8210,0,C,65145,321,1,.15397E-3,.42984E-4,0,0.253,Kuiper-E
KUIPER-00108,2025-171Q,2025-11-18T00:49:05.999981,14.92573708,.0009459,51.8950,294.7605,105.9470,141.8658,0,C,65146,322,1,-.61693E-1,-.63277E-2,0,2.155,Kuiper-E
KUIPER-00109,2025-171R,2025-11-18T01:05:06.999965,15.09754582,.0012787,51.8860,291.5744,116.7205,15.3911,0,C,65147,322,1,-.40797E-1,-.65711E-2,0,3.234,Kuiper-E
KUIPER-00110,2025-171S,2025-11-18T00:59:26.999981,14.81135279,.0011196,51.8987,301.4577,100.2902,293.4057,0,C,65148,322,1,-.10317E+0,-.79663E-2,0,1.849,Kuiper-E
KUIPER-00111,2025-171T,2025-11-18T01:27:37.999958,14.80053563,.0010166,51.8973,306.6943,109.2059,34.1185,0,C,65149,322,1,-.34533E-3,-.26479E-4,0,0.240,Kuiper-E
KUIPER-00112,2025-171U,2025-11-18T00:58:06.999974,15.09103701,.0008866,51.8904,291.4007,139.4181,351.4482,0,C,65150,322,1,-.55764E-1,-.87615E-2,0,1.502,Kuiper-E
KUIPER-00114,2025-171V,2025-11-18T01:20:37.999968,14.79959668,.0006472,51.8997,309.2516,98.6777,31.3028,0,C,65151,322,1,-.24863E-3,-.19012E-4,0,0.242,Kuiper-E
KUIPER-00115,2025-171W,2025-11-18T00:11:06.999965,14.79926817,.0010654,51.9006,301.9417,120.1655,69.2014,0,C,65152,322,1,-.51868E-3,-.39653E-4,0,0.241,Kuiper-E
KUIPER-00116,2025-171X,2025-11-18T00:33:36.999965,14.79935514,.001053,51.8994,306.9209,85.7060,35.9780,0,C,65153,322,1,-.9692E-2,-.73987E-3,0,0.407,Kuiper-E
KUIPER-00118,2025-171Y,2025-11-18T00:29:40.000013,14.79169882,.0001741,51.9001,309.3808,114.0366,8.6707,0,C,65154,322,1,.49925E-1,.37792E-2,0,3.175,Kuiper-E
KUIPER-00119,2025-171Z,2025-11-18T00:57:09.000000,14.84703312,.000873,51.8980,296.9444,107.1713,22.3472,0,C,65155,322,1,-.1089E+0,-.91323E-2,0,1.586,Kuiper-E
KUIPER-00120,2025-217A,2025-11-18T00:58:38.000035,15.00137998,.0014606,51.8881,187.9546,283.4827,207.7757,0,C,65762,322,1,-.51204E-1,-.63827E-2,0,2.104,Kuiper-E
KUIPER-00132,2025-217B,2025-11-17T22:09:06.999984,15.36688096,.0005186,51.8619,184.7243,286.6222,28.2317,0,C,65763,321,1,.33242E-3,.12134E-3,0,0.255,Kuiper-E
KUIPER-00133,2025-217C,2025-11-17T20:13:09.000019,15.01119952,.0010666,51.8875,188.7477,308.4404,2.4981,0,C,65764,321,1,-.54536E-1,-.6957E-2,0,3.060,Kuiper-E
KUIPER-00139,2025-217D,2025-11-17T20:28:24.000038,15.17062832,.000649,51.8734,186.6087,282.7343,6.2176,0,C,65765,321,1,-.1745E-1,-.34739E-2,0,2.104,Kuiper-E
KUIPER-00142,2025-217E,2025-11-17T22:51:22.000003,15.37654271,.0002625,51.8679,184.2274,242.8372,60.9019,0,C,65766,321,1,.42277E-3,.15919E-3,0,0.251,Kuiper-E
KUIPER-00145,2025-217F,2025-11-17T23:07:09.999984,15.37382580,.0003245,51.8690,184.2806,256.7329,57.7589,0,C,65767,321,1,.42384E-3,.1582E-3,0,0.252,Kuiper-E
KUIPER-00147,2025-217G,2025-11-17T20:43:25.999968,15.33069527,.0006407,51.8655,185.1167,287.7712,3.2265,0,C,65768,321,1,-.42967E-2,-.13911E-2,0,2.130,Kuiper-E
KUIPER-00148,2025-217H,2025-11-18T01:16:38.000035,15.34440944,.0008454,51.8605,184.4526,307.8653,186.8609,0,C,65769,322,1,-.16236E-1,-.54225E-2,0,2.241,Kuiper-E
KUIPER-00150,2025-217J,2025-11-18T01:19:06.000038,15.10702968,.0007486,51.8755,186.5986,295.0055,197.8420,0,C,65770,322,1,-.54935E-1,-.90095E-2,0,3.318,Kuiper-E
KUIPER-00151,2025-217K,2025-11-17T22:16:39.000029,15.28083331,.0004021,51.8732,184.8217,251.8263,57.5834,0,C,65771,321,1,-.2284E-2,-.63471E-3,0,1.443,Kuiper-E
KUIPER-00152,2025-217L,2025-11-17T22:15:38.999981,15.38301761,.0002415,51.8707,184.0792,186.6725,113.1233,0,C,65772,321,1,.36038E-3,.13857E-3,0,0.251,Kuiper-E
KUIPER-00153,2025-217M,2025-11-18T01:11:38.999962,15.11507866,.0011446,51.8754,186.7487,291.8840,195.4949,0,C,65773,322,1,-.18805E-1,-.32074E-2,0,3.162,Kuiper-E
KUIPER-00155,2025-217N,2025-11-17T23:39:21.999974,15.36509409,.0005535,51.8637,184.3912,272.4974,48.8667,0,C,65774,321,1,.38217E-3,.13871E-3,0,0.255,Kuiper-E
KUIPER-00156,2025-217P,2025-11-17T22:28:40.999987,15.38190416,.0002503,51.8708,184.1241,211.4112,95.9235,0,C,65775,321,1,.38015E-3,.14565E-3,0,0.250,Kuiper-E
KUIPER-00158,2025-217Q,2025-11-18T00:12:39.999974,15.22147555,.0004558,51.8739,185.0080,241.2360,242.1806,0,C,65776,322,1,-.64272E-3,-.1497E-3,0,0.757,Kuiper-E
KUIPER-00163,2025-217R,2025-11-17T20:45:52.999978,15.16078733,.000959,51.8692,186.5465,304.4250,344.3292,0,C,65777,321,1,-.1135E-1,-.22063E-2,0,2.687,Kuiper-E
KUIPER-00165,2025-217S,2025-11-17T22:57:08.000035,15.37743957,.0003749,51.8684,184.2317,242.2265,72.8818,0,C,65778,321,1,.42558E-3,.16073E-3,0,0.251,Kuiper-E
KUIPER-00166,2025-217T,2025-11-17T22:44:38.999990,15.37777371,.0003196,51.8699,184.1850,214.5450,97.6210,0,C,65779,321,1,.4105E-3,.15519E-3,0,0.251,Kuiper-E
KUIPER-00167,2025-217U,2025-11-17T20:35:02.999990,15.21734694,.0008999,51.8736,185.7965,257.8231,29.7402,0,C,65780,321,1,-.15202E-1,-.34669E-2,0,2.844,Kuiper-E
KUIPER-00168,2025-217V,2025-11-17T20:30:37.999958,15.38563340,.0003072,51.8702,184.3648,162.8485,127.6858,0,C,65781,321,1,-.10152E-2,-.39306E-3,0,0.278,Kuiper-E
KUIPER-00169,2025-217W,2025-11-17T22:45:31.999997,15.37904218,.0002871,51.8704,184.1963,227.9492,81.1926,0,C,65782,321,1,.41342E-3,.15694E-3,0,0.251,Kuiper-E
KUIPER-00170,2025-217X,2025-11-17T22:01:07.000032,15.36514200,.0005875,51.8647,184.7176,267.2785,39.8850,0,C,65783,321,1,.32597E-3,.11833E-3,0,0.256,Kuiper-E
KUIPER-00171,2025-217Y,2025-11-17T23:36:27.999965,15.63214945,.0007757,51.8579,181.4373,268.3753,49.8969,0,C,65784,321,1,.47268E-3,.44364E-3,0,0.264,Kuiper-E
KUIPER-00172,2025-217Z,2025-11-17T22:24:09.000000,15.38255251,.0002754,51.8707,184.1075,221.2731,84.9002,0,C,65785,321,1,.37185E-3,.14277E-3,0,0.250,Kuiper-E
KUIPER-00173,2025-217AA,2025-11-17T22:36:09.999965,15.37952783,.0002889,51.8694,184.1560,213.0590,94.2946,0,C,65786,321,1,.39529E-3,.15029E-3,0,0.250,Kuiper-E
KUIPER-00174,2025-217AB,2025-11-17T22:16:07.999968,15.38293576,.0003481,51.8705,184.0643,177.0377,131.8751,0,C,65787,321,1,.35786E-3,.13758E-3,0,0.252,Kuiper-E
KUIPER-00176,2025-217AC,2025-11-17T20:20:51.000000,15.26329094,.0002729,51.8758,184.9456,227.5891,96.0948,0,C,65788,321,1,-.68965E-2,-.18104E-2,0,2.371,Kuiper-E
KUIPER-00101,2025-228A,2025-11-18T01:41:40.000013,15.23338993,.0005345,51.8843,139.9944,271.7662,322.9222,0,C,65947,322,1,-.1342E-1,-.32088E-2,0,1.362,Kuiper-E
KUIPER-00113,2025-228B,2025-11-17T20:46:39.000029,15.33528741,.0006218,51.8788,140.3370,252.8708,224.2503,0,C,65948,321,1,-.11199E-1,-.36523E-2,0,1.903,Kuiper-E
KUIPER-00117,2025-228C,2025-11-18T00:50:38.999990,15.28176990,.0007722,51.8790,139.7214,267.3073,318.3128,0,C,65949,322,1,-.21956E-1,-.6023E-2,0,2.695,Kuiper-E
KUIPER-00121,2025-228D,2025-11-18T00:38:38.000026,15.35016133,.0005191,51.8773,139.7285,278.2690,294.8080,0,C,65950,322,1,.44025E-3,.15231E-3,0,0.248,Kuiper-E
KUIPER-00122,2025-228E,2025-11-17T23:52:11.999971,15.17346749,.0005615,51.8820,141.0501,295.5715,270.0069,0,C,65951,321,1,-.89631E-3,-.18156E-3,0,0.764,Kuiper-E
KUIPER-00123,2025-228F,2025-11-17T20:35:09.000038,15.16576164,.0005918,51.8858,141.7007,280.2108,193.2147,0,C,65952,321,1,-.15819E-1,-.31086E-2,0,3.011,Kuiper-E
KUIPER-00124,2025-228G,2025-11-18T00:48:36.999994,15.34525144,.0004448,51.8768,139.7462,292.5951,292.2476,0,C,65953,322,1,.42213E-3,.14376E-3,0,0.249,Kuiper-E
KUIPER-00125,2025-228H,2025-11-17T22:54:36.999965,15.35317901,.0005422,51.8762,139.9999,268.8618,297.5217,0,C,65954,321,1,.5024E-3,.17552E-3,0,0.250,Kuiper-E
KUIPER-00126,2025-228J,2025-11-17T20:45:38.999981,15.22616842,.0006224,51.8847,141.0316,283.0022,192.4132,0,C,65955,321,1,-.17635E-1,-.41172E-2,0,1.705,Kuiper-E
KUIPER-00127,2025-228K,2025-11-17T23:04:04.999958,15.29014113,.0004795,51.8788,140.0625,284.9798,283.1493,0,C,65956,321,1,-.11912E-2,-.34095E-3,0,1.071,Kuiper-E
KUIPER-00128,2025-228L,2025-11-17T22:53:39.999984,15.34990763,.0005877,51.8772,140.0042,268.8633,297.5850,0,C,65957,321,1,.50369E-3,.17416E-3,0,0.250,Kuiper-E
KUIPER-00129,2025-228M,2025-11-17T22:51:09.999994,15.35366891,.0005731,51.8773,139.9881,256.3641,312.0663,0,C,65958,321,1,.50704E-3,.17743E-3,0,0.250,Kuiper-E
KUIPER-00130,2025-228N,2025-11-18T00:37:09.999984,15.34900777,.0005283,51.8760,139.6914,279.8147,303.5593,0,C,65959,322,1,.20986E-3,.72322E-4,0,0.309,Kuiper-E
KUIPER-00134,2025-228P,2025-11-18T00:40:35.999962,15.34920478,.0005534,51.8759,139.7027,277.1894,307.9139,0,C,65960,322,1,.43887E-3,.15138E-3,0,0.247,Kuiper-E
KUIPER-00135,2025-228Q,2025-11-17T21:06:04.999997,15.34814639,.000381,51.8773,140.4248,265.8604,218.3510,0,C,65961,321,1,-.68655E-3,-.23567E-3,0,0.412,Kuiper-E
KUIPER-00136,2025-228R,2025-11-17T22:48:36.000029,15.35374774,.0005407,51.8773,139.9798,260.1419,306.5043,0,C,65962,321,1,.50855E-3,.17799E-3,0,0.249,Kuiper-E
KUIPER-00137,2025-228S,2025-11-17T23:00:10.999987,15.34751583,.0005086,51.8771,140.0385,281.2768,283.1767,0,C,65963,321,1,-.19943E-3,-.6837E-4,0,0.371,Kuiper-E
KUIPER-00138,2025-228T,2025-11-17T23:06:22.000032,15.34748801,.0006476,51.8761,140.0568,284.2585,281.2159,0,C,65964,321,1,.48096E-3,.16503E-3,0,0.252,Kuiper-E
KUIPER-00140,2025-228U,2025-11-18T00:47:36.000038,15.34610681,.0005444,51.8767,139.7418,284.2531,300.3538,0,C,65965,322,1,.4238E-3,.14474E-3,0,0.249,Kuiper-E
KUIPER-00141,2025-228V,2025-11-18T00:31:06.999974,15.35295724,.0005479,51.8764,139.6656,267.3343,315.4689,0,C,65966,322,1,.45919E-3,.16031E-3,0,0.247,Kuiper-E
KUIPER-00146,2025-228W,2025-11-17T22:56:48.999984,15.34790005,.0005919,51.8773,140.0203,270.9699,295.0296,0,C,65967,321,1,.49905E-3,.17145E-3,0,0.250,Kuiper-E
KUIPER-00149,2025-228X,2025-11-17T22:50:07.999958,15.35400281,.0005179,51.8769,139.9698,260.9858,311.5088,0,C,65968,321,1,.50786E-3,.17789E-3,0,0.249,Kuiper-E
KUIPER-00154,2025-228Y,2025-11-17T22:48:08.000035,15.35103685,.0005296,51.8769,139.9753,261.9116,303.6879,0,C,65969,321,1,.50901E-3,.17661E-3,0,0.249,Kuiper-E
KUIPER-00157,2025-228Z,2025-11-18T00:41:26.999981,15.34836488,.0005707,51.8770,139.7130,285.0755,301.5859,0,C,65970,322,1,.43702E-3,.15035E-3,0,0.247,Kuiper-E
